Mutation,Frequency
A451fs (LOH),1.0
A88fs,1.0
AMP;SV (DIP2C_PDGFRA),1.0
"Amp (CCND2, CDK4)",1.0
Amp;I843_M844>M,1.0
Amp (CCND3),1.0
Amp (CCND2/CCND3),1.0
Amp (CCND2/3),1.0
C135W (LOH),1.0
C135W,1.0
Del (CCND1),1.0
D770>ASVD,1.0
D583_E587>E,1.0
D2144G,1.0
D1791H (LOH),1.0
C176Y,1.0
E405*,1.0
E198_G199fs,1.0
E327_E328fs,1.0
"E339*,R248W",1.0
E533_S549fs,1.0
E451_Y452del,1.0
E110del,1.0
E180fs,1.0
G598V (LOH),1.0
H1468_C1471>H (LOH),1.0
H179D (LOH),1.0
G328W,1.0
G245S (LOH),1.0
G245C,1.0
EYinsN453,1.0
E726A,1.0
L130_N131>L,1.0
L2112_F2113fs (LOH),1.0
L359_I360fs (LOH),1.0
L380del,1.0
L952fs,1.0
M237I (LOH),1.0
N468S,1.0
K575_R577del,1.0
H193Y,1.0
K567_I571>I,1.0
K175fs,1.0
K1449_E1450fs (LOH),1.0
K1260_S1261fs,1.0
I719fs (LOH),1.0
I466_P467fs,1.0
I102_V105del,1.0
R175H (LOH),1.0
R188*,1.0
R158G (LOH),1.0
R174_E180>R,1.0
R1480*,1.0
R1164* (LOH),1.0
R1164*,1.0
R156_R158>R (LOH),1.0
R108K,1.0
Q404*,1.0
"Q167*,R273H",1.0
P602fs (LOH),1.0
P47_F54fs (LOH),1.0
P449_L456>L,1.0
P417fs,1.0
P152fs,1.0
gR248Q,1.0
gE224A  (LOH),1.0
gR196* (LOH),1.0
T200_P201fs,1.0
V173A,1.0
T576_R577>R,1.0
R88Q,1.0
"RVTFinsA491,Amp",1.0
S1053*,1.0
S241Y,1.0
S516*,1.0
SV (ETV6_NTRK3),1.0
SV (BTBD1_NTRK3),1.0
T1610R,1.0
"SV,Amp",1.0
SV (VCL_NTRK2),1.0
"R273C,K120M",1.0
R248W,1.0
R2111* (LOH),1.0
R213*,1.0
R21H,1.0
"R213*,L252P  (LOH)",1.0
R222C,1.0
R2237* (LOH),1.0
R249S (LOH),1.0
R273C,1.0
"R816*,SV (NF1_CNTN5)",1.0
R609*,1.0
R342*,1.0
R273H (LOH),1.0
R273H,1.0
"R273C,Q144*",1.0
Y163C,1.0
"Y1692*,E1255_E1256>E",1.0
"gR416*,F2176fs",1.0
gR248Q (LOH),1.0
Q546K,2.0
R175H,2.0
gC335>FR,2.0
SV (AGBL4_NTRK2),2.0
W427*,2.0
V157F (LOH),2.0
N659K,2.0
G356D,2.0
A529>15aa,2.0
Amp (CDK4),2.0
S241F,2.0
R206H,2.0
